Marital_Status,Total_Trans_Amt
Divorced,6086.326086956522
Married,6987.310679611651
Single,6308.904382470119
Unknown,6823.576923076923
