{"Total_Trans_Amt":{"Divorced":6086.3260869565,"Married":6987.3106796117,"Single":6308.9043824701,"Unknown":6823.5769230769}}